CustomerID,LastLoginDate,LoginFrequency,ServiceUsage
1,2023-10-21 00:00:00,34,Mobile App
2,2023-12-05 00:00:00,5,Website
3,2023-11-15 00:00:00,3,Website
4,2023-08-25 00:00:00,2,Website
5,2023-10-27 00:00:00,41,Website
6,2023-09-17 00:00:00,2,Website
7,2023-01-07 00:00:00,32,Mobile App
8,2023-04-22 00:00:00,17,Online Banking
9,2023-06-27 00:00:00,24,Website
10,2023-01-13 00:00:00,29,Online Banking
11,2023-01-22 00:00:00,30,Online Banking
12,2023-12-31 00:00:00,43,Website
13,2023-07-05 00:00:00,10,Mobile App
14,2023-01-10 00:00:00,26,Online Banking
15,2023-06-15 00:00:00,44,Online Banking
16,2023-03-15 00:00:00,41,Online Banking
17,2023-09-03 00:00:00,8,Online Banking
18,2023-11-24 00:00:00,37,Website
19,2023-03-08 00:00:00,39,Online Banking
20,2023-08-15 00:00:00,16,Website
21,2023-06-16 00:00:00,18,Website
22,2023-05-06 00:00:00,42,Mobile App
23,2023-07-07 00:00:00,19,Mobile App
24,2023-10-04 00:00:00,12,Mobile App
25,2023-02-15 00:00:00,27,Mobile App
26,2023-09-29 00:00:00,45,Mobile App
27,2023-10-01 00:00:00,22,Mobile App
28,2023-10-26 00:00:00,42,Online Banking
29,2023-09-02 00:00:00,34,Website
30,2023-07-12 00:00:00,38,Website
31,2023-08-17 00:00:00,23,Online Banking
32,2023-01-06 00:00:00,48,Mobile App
33,2023-05-19 00:00:00,24,Mobile App
34,2023-04-03 00:00:00,44,Online Banking
35,2023-05-23 00:00:00,19,Mobile App
36,2023-02-11 00:00:00,6,Online Banking
37,2023-08-28 00:00:00,3,Online Banking
38,2023-11-27 00:00:00,47,Online Banking
39,2023-01-20 00:00:00,26,Online Banking
40,2023-10-14 00:00:00,20,Website
41,2023-07-04 00:00:00,38,Mobile App
42,2023-07-17 00:00:00,10,Mobile App
43,2023-05-25 00:00:00,25,Mobile App
44,2023-11-13 00:00:00,35,Mobile App
45,2023-09-02 00:00:00,49,Online Banking
46,2023-07-31 00:00:00,24,Online Banking
47,2023-04-19 00:00:00,21,Website
48,2023-06-12 00:00:00,34,Website
49,2023-02-19 00:00:00,18,Online Banking
50,2023-07-15 00:00:00,19,Online Banking
51,2023-10-31 00:00:00,3,Mobile App
52,2023-02-16 00:00:00,6,Mobile App
53,2023-10-02 00:00:00,20,Mobile App
54,2023-01-20 00:00:00,22,Online Banking
55,2023-08-18 00:00:00,33,Website
56,2023-08-20 00:00:00,14,Mobile App
57,2023-07-20 00:00:00,44,Online Banking
58,2023-04-17 00:00:00,9,Online Banking
59,2023-12-11 00:00:00,45,Online Banking
60,2023-03-02 00:00:00,25,Mobile App
61,2023-12-27 00:00:00,47,Website
62,2023-08-27 00:00:00,16,Mobile App
63,2023-05-26 00:00:00,7,Mobile App
64,2023-06-03 00:00:00,11,Online Banking
65,2023-09-25 00:00:00,27,Mobile App
66,2023-08-17 00:00:00,40,Online Banking
67,2023-07-23 00:00:00,17,Online Banking
68,2023-07-25 00:00:00,5,Website
69,2023-11-13 00:00:00,29,Mobile App
70,2023-03-15 00:00:00,10,Mobile App
71,2023-08-17 00:00:00,47,Online Banking
72,2023-04-25 00:00:00,25,Online Banking
73,2023-10-27 00:00:00,24,Online Banking
74,2023-02-19 00:00:00,44,Mobile App
75,2023-06-17 00:00:00,12,Mobile App
76,2023-05-09 00:00:00,5,Website
77,2023-10-15 00:00:00,29,Online Banking
78,2023-10-07 00:00:00,35,Mobile App
79,2023-04-20 00:00:00,23,Online Banking
80,2023-06-09 00:00:00,32,Mobile App
81,2023-12-03 00:00:00,40,Website
82,2023-05-08 00:00:00,19,Mobile App
83,2023-12-31 00:00:00,25,Mobile App
84,2023-11-30 00:00:00,45,Online Banking
85,2023-08-08 00:00:00,37,Mobile App
86,2023-10-18 00:00:00,1,Website
87,2023-11-22 00:00:00,43,Website
88,2023-02-08 00:00:00,13,Online Banking
89,2023-09-06 00:00:00,12,Mobile App
90,2023-05-30 00:00:00,47,Online Banking
91,2023-02-03 00:00:00,43,Mobile App
92,2023-07-01 00:00:00,37,Mobile App
93,2023-10-16 00:00:00,42,Mobile App
94,2023-06-27 00:00:00,41,Website
95,2023-06-20 00:00:00,12,Online Banking
96,2023-02-27 00:00:00,36,Mobile App
97,2023-12-20 00:00:00,38,Website
98,2023-05-23 00:00:00,9,Mobile App
99,2023-02-10 00:00:00,14,Online Banking
100,2023-06-02 00:00:00,45,Online Banking
101,2023-01-15 00:00:00,35,Online Banking
102,2023-01-14 00:00:00,32,Online Banking
103,2023-04-27 00:00:00,46,Mobile App
104,2023-03-23 00:00:00,3,Online Banking
105,2023-12-24 00:00:00,30,Website
106,2023-07-20 00:00:00,49,Mobile App
107,2023-01-27 00:00:00,7,Online Banking
108,2023-03-24 00:00:00,1,Mobile App
109,2023-04-28 00:00:00,20,Mobile App
110,2023-10-10 00:00:00,25,Website
111,2023-06-17 00:00:00,33,Website
112,2023-10-16 00:00:00,35,Website
113,2023-04-12 00:00:00,44,Online Banking
114,2023-08-02 00:00:00,24,Website
115,2023-09-21 00:00:00,14,Mobile App
116,2023-08-20 00:00:00,39,Mobile App
117,2023-12-25 00:00:00,44,Online Banking
118,2023-10-01 00:00:00,34,Online Banking
119,2023-03-29 00:00:00,18,Mobile App
120,2023-02-23 00:00:00,2,Online Banking
121,2023-09-09 00:00:00,38,Mobile App
122,2023-06-14 00:00:00,17,Mobile App
123,2023-03-15 00:00:00,23,Mobile App
124,2023-02-19 00:00:00,33,Website
125,2023-06-21 00:00:00,28,Online Banking
126,2023-05-14 00:00:00,15,Website
127,2023-01-18 00:00:00,11,Website
128,2023-07-07 00:00:00,23,Website
129,2023-03-21 00:00:00,13,Website
130,2023-02-25 00:00:00,47,Mobile App
131,2023-09-24 00:00:00,11,Website
132,2023-06-15 00:00:00,36,Website
133,2023-04-13 00:00:00,38,Mobile App
134,2023-01-05 00:00:00,27,Mobile App
135,2023-06-19 00:00:00,18,Mobile App
136,2023-11-07 00:00:00,40,Mobile App
137,2023-06-19 00:00:00,38,Online Banking
138,2023-03-20 00:00:00,34,Online Banking
139,2023-06-03 00:00:00,22,Website
140,2023-10-21 00:00:00,18,Mobile App
141,2023-06-28 00:00:00,41,Online Banking
142,2023-04-27 00:00:00,18,Mobile App
143,2023-12-25 00:00:00,13,Website
144,2023-02-18 00:00:00,39,Online Banking
145,2023-10-11 00:00:00,16,Online Banking
146,2023-12-12 00:00:00,8,Mobile App
147,2023-09-02 00:00:00,34,Mobile App
148,2023-03-09 00:00:00,29,Website
149,2023-02-17 00:00:00,6,Online Banking
150,2023-06-29 00:00:00,38,Mobile App
151,2023-06-02 00:00:00,36,Mobile App
152,2023-09-30 00:00:00,48,Mobile App
153,2023-01-26 00:00:00,42,Online Banking
154,2023-04-19 00:00:00,26,Mobile App
155,2023-04-08 00:00:00,18,Website
156,2023-06-30 00:00:00,11,Mobile App
157,2023-06-13 00:00:00,27,Mobile App
158,2023-10-03 00:00:00,30,Online Banking
159,2023-05-11 00:00:00,18,Website
160,2023-05-02 00:00:00,43,Online Banking
161,2023-07-24 00:00:00,4,Mobile App
162,2023-06-11 00:00:00,6,Mobile App
163,2023-01-13 00:00:00,22,Mobile App
164,2023-11-25 00:00:00,2,Website
165,2023-03-01 00:00:00,47,Mobile App
166,2023-08-03 00:00:00,48,Online Banking
167,2023-03-03 00:00:00,40,Website
168,2023-08-29 00:00:00,32,Website
169,2023-06-18 00:00:00,39,Mobile App
170,2023-10-12 00:00:00,21,Website
171,2023-05-04 00:00:00,8,Mobile App
172,2023-12-12 00:00:00,25,Website
173,2023-10-22 00:00:00,41,Mobile App
174,2023-03-09 00:00:00,36,Mobile App
175,2023-11-27 00:00:00,4,Website
176,2023-09-23 00:00:00,15,Website
177,2023-03-05 00:00:00,28,Website
178,2023-05-06 00:00:00,20,Website
179,2023-09-06 00:00:00,38,Website
180,2023-01-30 00:00:00,6,Online Banking
181,2023-04-22 00:00:00,30,Mobile App
182,2023-06-12 00:00:00,32,Online Banking
183,2023-04-21 00:00:00,49,Online Banking
184,2023-04-14 00:00:00,41,Online Banking
185,2023-10-23 00:00:00,4,Online Banking
186,2023-10-18 00:00:00,35,Mobile App
187,2023-01-09 00:00:00,30,Mobile App
188,2023-03-29 00:00:00,49,Mobile App
189,2023-06-21 00:00:00,41,Mobile App
190,2023-04-01 00:00:00,22,Website
191,2023-02-15 00:00:00,2,Website
192,2023-07-07 00:00:00,12,Website
193,2023-05-11 00:00:00,34,Website
194,2023-10-23 00:00:00,34,Website
195,2023-03-07 00:00:00,14,Website
196,2023-01-22 00:00:00,39,Website
197,2023-03-16 00:00:00,39,Online Banking
198,2023-06-21 00:00:00,45,Online Banking
199,2023-01-08 00:00:00,6,Website
200,2023-02-10 00:00:00,8,Online Banking
201,2023-08-14 00:00:00,27,Online Banking
202,2023-03-07 00:00:00,12,Mobile App
203,2023-04-16 00:00:00,21,Website
204,2023-05-08 00:00:00,38,Online Banking
205,2023-01-27 00:00:00,4,Mobile App
206,2023-11-27 00:00:00,25,Mobile App
207,2023-03-28 00:00:00,43,Website
208,2023-06-03 00:00:00,24,Online Banking
209,2023-10-12 00:00:00,12,Mobile App
210,2023-07-24 00:00:00,29,Online Banking
211,2023-03-03 00:00:00,35,Online Banking
212,2023-06-14 00:00:00,37,Website
213,2023-02-23 00:00:00,30,Website
214,2023-11-02 00:00:00,41,Online Banking
215,2023-11-07 00:00:00,42,Online Banking
216,2023-09-06 00:00:00,35,Mobile App
217,2023-08-14 00:00:00,1,Online Banking
218,2023-06-12 00:00:00,40,Mobile App
219,2023-07-18 00:00:00,26,Online Banking
220,2023-11-12 00:00:00,35,Online Banking
221,2023-06-16 00:00:00,42,Mobile App
222,2023-06-03 00:00:00,7,Website
223,2023-07-22 00:00:00,4,Online Banking
224,2023-05-16 00:00:00,5,Website
225,2023-07-15 00:00:00,39,Online Banking
226,2023-03-10 00:00:00,11,Mobile App
227,2023-11-08 00:00:00,15,Online Banking
228,2023-10-16 00:00:00,32,Website
229,2023-12-23 00:00:00,37,Website
230,2023-09-04 00:00:00,9,Online Banking
231,2023-02-20 00:00:00,47,Online Banking
232,2023-09-08 00:00:00,32,Online Banking
233,2023-09-18 00:00:00,33,Website
234,2023-06-19 00:00:00,23,Online Banking
235,2023-12-28 00:00:00,15,Mobile App
236,2023-09-25 00:00:00,30,Online Banking
237,2023-01-13 00:00:00,16,Online Banking
238,2023-09-20 00:00:00,22,Mobile App
239,2023-10-09 00:00:00,43,Mobile App
240,2023-07-27 00:00:00,30,Online Banking
241,2023-12-19 00:00:00,1,Mobile App
242,2023-02-16 00:00:00,35,Online Banking
243,2023-12-09 00:00:00,18,Website
244,2023-06-21 00:00:00,15,Online Banking
245,2023-05-18 00:00:00,21,Online Banking
246,2023-03-24 00:00:00,40,Mobile App
247,2023-12-24 00:00:00,2,Online Banking
248,2023-08-26 00:00:00,30,Online Banking
249,2023-02-06 00:00:00,40,Website
250,2023-01-09 00:00:00,32,Website
251,2023-03-24 00:00:00,28,Website
252,2023-08-11 00:00:00,11,Online Banking
253,2023-12-03 00:00:00,7,Online Banking
254,2023-08-25 00:00:00,1,Mobile App
255,2023-06-17 00:00:00,43,Mobile App
256,2023-08-26 00:00:00,28,Mobile App
257,2023-01-31 00:00:00,39,Website
258,2023-06-17 00:00:00,19,Mobile App
259,2023-03-16 00:00:00,39,Online Banking
260,2023-08-24 00:00:00,32,Website
261,2023-05-29 00:00:00,49,Online Banking
262,2023-02-04 00:00:00,30,Website
263,2023-12-28 00:00:00,2,Website
264,2023-03-08 00:00:00,44,Online Banking
265,2023-04-06 00:00:00,43,Online Banking
266,2023-01-07 00:00:00,37,Online Banking
267,2023-11-24 00:00:00,19,Online Banking
268,2023-12-19 00:00:00,26,Mobile App
269,2023-06-16 00:00:00,1,Mobile App
270,2023-04-12 00:00:00,42,Mobile App
271,2023-10-28 00:00:00,28,Online Banking
272,2023-07-16 00:00:00,26,Online Banking
273,2023-08-30 00:00:00,40,Mobile App
274,2023-01-24 00:00:00,35,Online Banking
275,2023-06-15 00:00:00,3,Website
276,2023-06-02 00:00:00,26,Online Banking
277,2023-07-06 00:00:00,33,Mobile App
278,2023-02-22 00:00:00,22,Online Banking
279,2023-04-12 00:00:00,6,Mobile App
280,2023-11-19 00:00:00,42,Online Banking
281,2023-12-15 00:00:00,34,Online Banking
282,2023-07-22 00:00:00,3,Online Banking
283,2023-09-20 00:00:00,17,Online Banking
284,2023-05-15 00:00:00,6,Mobile App
285,2023-08-31 00:00:00,42,Mobile App
286,2023-04-03 00:00:00,5,Website
287,2023-06-10 00:00:00,20,Website
288,2023-03-21 00:00:00,1,Website
289,2023-11-14 00:00:00,24,Mobile App
290,2023-09-15 00:00:00,9,Mobile App
291,2023-09-26 00:00:00,15,Website
292,2023-12-06 00:00:00,37,Website
293,2023-01-26 00:00:00,18,Mobile App
294,2023-03-19 00:00:00,22,Online Banking
295,2023-03-09 00:00:00,11,Website
296,2023-12-01 00:00:00,38,Mobile App
297,2023-10-06 00:00:00,3,Mobile App
298,2023-08-23 00:00:00,29,Website
299,2023-11-04 00:00:00,46,Mobile App
300,2023-10-15 00:00:00,32,Website
301,2023-10-02 00:00:00,34,Online Banking
302,2023-02-18 00:00:00,8,Website
303,2023-05-20 00:00:00,34,Online Banking
304,2023-04-28 00:00:00,5,Online Banking
305,2023-07-15 00:00:00,9,Mobile App
306,2023-05-03 00:00:00,17,Mobile App
307,2023-11-04 00:00:00,20,Mobile App
308,2023-10-23 00:00:00,42,Mobile App
309,2023-04-16 00:00:00,27,Online Banking
310,2023-07-05 00:00:00,5,Online Banking
311,2023-07-07 00:00:00,46,Mobile App
312,2023-06-23 00:00:00,29,Website
313,2023-06-19 00:00:00,11,Online Banking
314,2023-03-21 00:00:00,26,Mobile App
315,2023-10-09 00:00:00,23,Mobile App
316,2023-01-28 00:00:00,18,Mobile App
317,2023-06-02 00:00:00,20,Website
318,2023-09-11 00:00:00,44,Website
319,2023-03-12 00:00:00,21,Online Banking
320,2023-02-11 00:00:00,26,Online Banking
321,2023-10-30 00:00:00,32,Online Banking
322,2023-11-20 00:00:00,1,Online Banking
323,2023-03-10 00:00:00,2,Website
324,2023-02-23 00:00:00,4,Mobile App
325,2023-09-30 00:00:00,41,Online Banking
326,2023-03-26 00:00:00,10,Website
327,2023-08-27 00:00:00,28,Website
328,2023-04-17 00:00:00,49,Mobile App
329,2023-08-13 00:00:00,37,Online Banking
330,2023-09-18 00:00:00,17,Mobile App
331,2023-01-02 00:00:00,30,Website
332,2023-12-06 00:00:00,6,Website
333,2023-12-13 00:00:00,11,Website
334,2023-01-18 00:00:00,11,Online Banking
335,2023-12-27 00:00:00,2,Mobile App
336,2023-01-25 00:00:00,20,Mobile App
337,2023-08-26 00:00:00,34,Website
338,2023-12-04 00:00:00,41,Mobile App
339,2023-04-23 00:00:00,1,Website
340,2023-09-21 00:00:00,48,Mobile App
341,2023-07-05 00:00:00,27,Online Banking
342,2023-10-02 00:00:00,26,Online Banking
343,2023-07-26 00:00:00,26,Online Banking
344,2023-06-27 00:00:00,8,Mobile App
345,2023-09-08 00:00:00,29,Online Banking
346,2023-01-07 00:00:00,17,Online Banking
347,2023-07-20 00:00:00,33,Mobile App
348,2023-11-30 00:00:00,1,Online Banking
349,2023-08-20 00:00:00,24,Mobile App
350,2023-04-23 00:00:00,25,Online Banking
351,2023-07-23 00:00:00,1,Mobile App
352,2023-09-02 00:00:00,26,Website
353,2023-03-19 00:00:00,16,Online Banking
354,2023-07-13 00:00:00,49,Online Banking
355,2023-01-06 00:00:00,33,Website
356,2023-07-15 00:00:00,28,Mobile App
357,2023-09-10 00:00:00,45,Online Banking
358,2023-01-17 00:00:00,24,Mobile App
359,2023-05-03 00:00:00,36,Website
360,2023-03-26 00:00:00,14,Online Banking
361,2023-04-19 00:00:00,49,Mobile App
362,2023-08-14 00:00:00,5,Mobile App
363,2023-01-01 00:00:00,27,Online Banking
364,2023-08-28 00:00:00,14,Mobile App
365,2023-10-29 00:00:00,24,Online Banking
366,2023-01-16 00:00:00,46,Website
367,2023-09-16 00:00:00,28,Mobile App
368,2023-01-17 00:00:00,8,Online Banking
369,2023-02-07 00:00:00,35,Website
370,2023-06-22 00:00:00,47,Online Banking
371,2023-06-15 00:00:00,35,Website
372,2023-10-26 00:00:00,23,Website
373,2023-05-10 00:00:00,13,Online Banking
374,2023-12-25 00:00:00,47,Online Banking
375,2023-08-31 00:00:00,17,Website
376,2023-02-28 00:00:00,31,Website
377,2023-05-11 00:00:00,10,Online Banking
378,2023-08-22 00:00:00,36,Website
379,2023-07-24 00:00:00,29,Online Banking
380,2023-06-10 00:00:00,16,Mobile App
381,2023-07-18 00:00:00,33,Website
382,2023-03-01 00:00:00,14,Mobile App
383,2023-08-21 00:00:00,7,Online Banking
384,2023-12-26 00:00:00,33,Website
385,2023-08-24 00:00:00,3,Mobile App
386,2023-10-23 00:00:00,26,Website
387,2023-10-30 00:00:00,39,Website
388,2023-08-21 00:00:00,5,Online Banking
389,2023-04-04 00:00:00,23,Online Banking
390,2023-02-18 00:00:00,33,Mobile App
391,2023-07-21 00:00:00,30,Mobile App
392,2023-09-03 00:00:00,33,Mobile App
393,2023-12-04 00:00:00,43,Website
394,2023-07-11 00:00:00,25,Online Banking
395,2023-07-22 00:00:00,22,Online Banking
396,2023-05-07 00:00:00,1,Online Banking
397,2023-05-10 00:00:00,10,Online Banking
398,2023-10-09 00:00:00,23,Online Banking
399,2023-06-02 00:00:00,33,Website
400,2023-03-19 00:00:00,39,Online Banking
401,2023-08-22 00:00:00,28,Website
402,2023-08-11 00:00:00,43,Mobile App
403,2023-08-30 00:00:00,8,Online Banking
404,2023-10-28 00:00:00,27,Mobile App
405,2023-02-25 00:00:00,5,Online Banking
406,2023-12-29 00:00:00,15,Website
407,2023-08-25 00:00:00,48,Mobile App
408,2023-10-14 00:00:00,22,Online Banking
409,2023-01-20 00:00:00,35,Mobile App
410,2023-08-09 00:00:00,30,Online Banking
411,2023-09-20 00:00:00,48,Website
412,2023-12-31 00:00:00,44,Website
413,2023-03-16 00:00:00,33,Website
414,2023-09-04 00:00:00,30,Online Banking
415,2023-06-18 00:00:00,36,Online Banking
416,2023-04-23 00:00:00,16,Online Banking
417,2023-11-09 00:00:00,38,Website
418,2023-09-20 00:00:00,23,Online Banking
419,2023-02-07 00:00:00,37,Online Banking
420,2023-01-06 00:00:00,37,Website
421,2023-12-16 00:00:00,28,Mobile App
422,2023-10-04 00:00:00,14,Mobile App
423,2023-04-04 00:00:00,4,Mobile App
424,2023-09-24 00:00:00,39,Website
425,2023-11-03 00:00:00,33,Website
426,2023-09-10 00:00:00,31,Website
427,2023-08-14 00:00:00,13,Online Banking
428,2023-08-10 00:00:00,36,Mobile App
429,2023-01-11 00:00:00,10,Mobile App
430,2023-07-02 00:00:00,47,Online Banking
431,2023-05-26 00:00:00,31,Website
432,2023-12-16 00:00:00,26,Mobile App
433,2023-12-03 00:00:00,14,Mobile App
434,2023-11-09 00:00:00,4,Mobile App
435,2023-03-18 00:00:00,33,Online Banking
436,2023-09-18 00:00:00,47,Website
437,2023-09-20 00:00:00,13,Website
438,2023-04-20 00:00:00,48,Website
439,2023-02-20 00:00:00,41,Online Banking
440,2023-02-19 00:00:00,34,Online Banking
441,2023-10-28 00:00:00,43,Mobile App
442,2023-06-20 00:00:00,35,Mobile App
443,2023-06-08 00:00:00,28,Website
444,2023-12-06 00:00:00,31,Mobile App
445,2023-05-27 00:00:00,30,Online Banking
446,2023-10-13 00:00:00,32,Mobile App
447,2023-12-01 00:00:00,13,Website
448,2023-09-08 00:00:00,41,Mobile App
449,2023-05-11 00:00:00,34,Mobile App
450,2023-09-08 00:00:00,8,Website
451,2023-07-13 00:00:00,42,Mobile App
452,2023-10-18 00:00:00,25,Online Banking
453,2023-04-20 00:00:00,33,Online Banking
454,2023-07-13 00:00:00,10,Online Banking
455,2023-12-23 00:00:00,40,Website
456,2023-11-22 00:00:00,34,Mobile App
457,2023-06-14 00:00:00,44,Website
458,2023-01-10 00:00:00,33,Website
459,2023-03-13 00:00:00,5,Mobile App
460,2023-02-24 00:00:00,45,Online Banking
461,2023-07-15 00:00:00,27,Online Banking
462,2023-04-09 00:00:00,8,Online Banking
463,2023-04-17 00:00:00,7,Online Banking
464,2023-12-11 00:00:00,22,Website
465,2023-11-14 00:00:00,46,Website
466,2023-06-25 00:00:00,28,Online Banking
467,2023-12-17 00:00:00,9,Website
468,2023-12-23 00:00:00,31,Online Banking
469,2023-10-24 00:00:00,4,Mobile App
470,2023-06-09 00:00:00,5,Website
471,2023-01-10 00:00:00,13,Mobile App
472,2023-12-30 00:00:00,6,Mobile App
473,2023-01-17 00:00:00,23,Online Banking
474,2023-03-15 00:00:00,47,Online Banking
475,2023-05-08 00:00:00,35,Mobile App
476,2023-01-30 00:00:00,34,Mobile App
477,2023-11-20 00:00:00,38,Online Banking
478,2023-07-16 00:00:00,34,Mobile App
479,2023-09-03 00:00:00,11,Website
480,2023-06-09 00:00:00,6,Website
481,2023-07-19 00:00:00,32,Website
482,2023-01-25 00:00:00,35,Website
483,2023-03-23 00:00:00,34,Mobile App
484,2023-04-13 00:00:00,43,Mobile App
485,2023-09-15 00:00:00,28,Mobile App
486,2023-08-18 00:00:00,5,Online Banking
487,2023-10-11 00:00:00,34,Mobile App
488,2023-06-14 00:00:00,33,Mobile App
489,2023-11-23 00:00:00,12,Online Banking
490,2023-02-28 00:00:00,40,Online Banking
491,2023-11-30 00:00:00,44,Website
492,2023-01-06 00:00:00,38,Online Banking
493,2023-08-29 00:00:00,44,Online Banking
494,2023-10-08 00:00:00,12,Mobile App
495,2023-01-07 00:00:00,37,Online Banking
496,2023-12-29 00:00:00,1,Website
497,2023-08-30 00:00:00,40,Mobile App
498,2023-06-28 00:00:00,5,Website
499,2023-11-30 00:00:00,2,Mobile App
500,2023-11-22 00:00:00,46,Online Banking
501,2023-04-15 00:00:00,25,Online Banking
502,2023-09-20 00:00:00,38,Mobile App
503,2023-12-07 00:00:00,25,Website
504,2023-11-04 00:00:00,48,Mobile App
505,2023-06-23 00:00:00,22,Mobile App
506,2023-08-10 00:00:00,1,Online Banking
507,2023-10-15 00:00:00,25,Online Banking
508,2023-10-21 00:00:00,33,Online Banking
509,2023-08-08 00:00:00,22,Website
510,2023-07-04 00:00:00,31,Mobile App
511,2023-02-12 00:00:00,19,Online Banking
512,2023-08-02 00:00:00,48,Mobile App
513,2023-06-18 00:00:00,18,Online Banking
514,2023-07-23 00:00:00,1,Mobile App
515,2023-01-06 00:00:00,19,Online Banking
516,2023-12-28 00:00:00,14,Mobile App
517,2023-01-11 00:00:00,11,Online Banking
518,2023-09-25 00:00:00,8,Mobile App
519,2023-06-09 00:00:00,18,Mobile App
520,2023-07-16 00:00:00,9,Mobile App
521,2023-02-09 00:00:00,43,Website
522,2023-09-15 00:00:00,28,Website
523,2023-08-22 00:00:00,11,Mobile App
524,2023-10-30 00:00:00,49,Online Banking
525,2023-12-07 00:00:00,41,Website
526,2023-02-14 00:00:00,30,Online Banking
527,2023-12-28 00:00:00,44,Online Banking
528,2023-05-16 00:00:00,27,Online Banking
529,2023-05-18 00:00:00,26,Online Banking
530,2023-12-06 00:00:00,49,Mobile App
531,2023-11-09 00:00:00,12,Online Banking
532,2023-10-22 00:00:00,38,Website
533,2023-10-29 00:00:00,27,Mobile App
534,2023-08-16 00:00:00,37,Mobile App
535,2023-06-26 00:00:00,17,Mobile App
536,2023-11-10 00:00:00,46,Mobile App
537,2023-05-27 00:00:00,9,Online Banking
538,2023-06-13 00:00:00,6,Online Banking
539,2023-09-22 00:00:00,13,Mobile App
540,2023-01-17 00:00:00,6,Online Banking
541,2023-09-22 00:00:00,38,Mobile App
542,2023-07-07 00:00:00,4,Mobile App
543,2023-08-25 00:00:00,16,Online Banking
544,2023-02-21 00:00:00,36,Website
545,2023-10-08 00:00:00,43,Website
546,2023-02-10 00:00:00,14,Online Banking
547,2023-01-22 00:00:00,29,Website
548,2023-11-29 00:00:00,24,Website
549,2023-09-02 00:00:00,39,Mobile App
550,2023-12-30 00:00:00,39,Online Banking
551,2023-01-03 00:00:00,45,Mobile App
552,2023-02-05 00:00:00,25,Website
553,2023-11-24 00:00:00,46,Website
554,2023-09-25 00:00:00,46,Mobile App
555,2023-11-09 00:00:00,3,Website
556,2023-02-09 00:00:00,42,Online Banking
557,2023-12-02 00:00:00,27,Online Banking
558,2023-10-24 00:00:00,12,Online Banking
559,2023-08-15 00:00:00,43,Website
560,2023-12-20 00:00:00,2,Mobile App
561,2023-10-22 00:00:00,38,Online Banking
562,2023-05-13 00:00:00,26,Online Banking
563,2023-06-12 00:00:00,29,Mobile App
564,2023-06-06 00:00:00,45,Online Banking
565,2023-04-22 00:00:00,30,Website
566,2023-06-15 00:00:00,38,Online Banking
567,2023-11-27 00:00:00,41,Online Banking
568,2023-08-16 00:00:00,32,Online Banking
569,2023-11-22 00:00:00,38,Online Banking
570,2023-08-04 00:00:00,21,Mobile App
571,2023-04-25 00:00:00,8,Website
572,2023-01-26 00:00:00,6,Website
573,2023-01-23 00:00:00,4,Website
574,2023-04-01 00:00:00,17,Mobile App
575,2023-07-10 00:00:00,21,Mobile App
576,2023-12-21 00:00:00,4,Website
577,2023-04-25 00:00:00,35,Website
578,2023-04-23 00:00:00,30,Mobile App
579,2023-05-23 00:00:00,27,Online Banking
580,2023-12-01 00:00:00,12,Website
581,2023-03-25 00:00:00,48,Mobile App
582,2023-10-18 00:00:00,20,Online Banking
583,2023-02-15 00:00:00,40,Online Banking
584,2023-11-07 00:00:00,44,Online Banking
585,2023-04-08 00:00:00,41,Online Banking
586,2023-11-14 00:00:00,33,Online Banking
587,2023-04-01 00:00:00,10,Website
588,2023-11-21 00:00:00,5,Mobile App
589,2023-04-20 00:00:00,11,Mobile App
590,2023-10-14 00:00:00,21,Mobile App
591,2023-04-23 00:00:00,20,Online Banking
592,2023-02-03 00:00:00,44,Mobile App
593,2023-01-04 00:00:00,9,Online Banking
594,2023-06-09 00:00:00,30,Mobile App
595,2023-04-23 00:00:00,48,Online Banking
596,2023-06-07 00:00:00,4,Mobile App
597,2023-10-17 00:00:00,9,Website
598,2023-07-09 00:00:00,40,Online Banking
599,2023-12-16 00:00:00,3,Website
600,2023-11-22 00:00:00,38,Online Banking
601,2023-09-11 00:00:00,25,Website
602,2023-05-13 00:00:00,37,Mobile App
603,2023-06-16 00:00:00,30,Mobile App
604,2023-05-06 00:00:00,31,Website
605,2023-01-13 00:00:00,17,Mobile App
606,2023-10-03 00:00:00,10,Website
607,2023-01-16 00:00:00,8,Mobile App
608,2023-01-14 00:00:00,2,Mobile App
609,2023-12-21 00:00:00,32,Website
610,2023-12-07 00:00:00,11,Mobile App
611,2023-10-11 00:00:00,10,Online Banking
612,2023-12-17 00:00:00,41,Online Banking
613,2023-08-26 00:00:00,32,Online Banking
614,2023-03-25 00:00:00,24,Mobile App
615,2023-08-11 00:00:00,7,Online Banking
616,2023-08-14 00:00:00,29,Online Banking
617,2023-01-22 00:00:00,2,Online Banking
618,2023-11-20 00:00:00,16,Mobile App
619,2023-04-27 00:00:00,31,Online Banking
620,2023-02-25 00:00:00,12,Online Banking
621,2023-08-15 00:00:00,32,Online Banking
622,2023-10-01 00:00:00,47,Online Banking
623,2023-04-12 00:00:00,41,Online Banking
624,2023-11-19 00:00:00,18,Website
625,2023-08-03 00:00:00,3,Mobile App
626,2023-02-27 00:00:00,16,Website
627,2023-11-16 00:00:00,49,Website
628,2023-01-16 00:00:00,42,Website
629,2023-01-07 00:00:00,18,Online Banking
630,2023-08-17 00:00:00,44,Website
631,2023-07-23 00:00:00,15,Website
632,2023-11-28 00:00:00,41,Online Banking
633,2023-11-04 00:00:00,37,Online Banking
634,2023-04-21 00:00:00,23,Mobile App
635,2023-12-10 00:00:00,26,Online Banking
636,2023-09-27 00:00:00,7,Online Banking
637,2023-04-26 00:00:00,48,Online Banking
638,2023-04-30 00:00:00,21,Website
639,2023-03-30 00:00:00,29,Website
640,2023-11-24 00:00:00,45,Website
641,2023-06-15 00:00:00,7,Online Banking
642,2023-08-15 00:00:00,6,Online Banking
643,2023-09-17 00:00:00,27,Online Banking
644,2023-09-11 00:00:00,43,Mobile App
645,2023-06-28 00:00:00,46,Website
646,2023-02-23 00:00:00,17,Website
647,2023-03-11 00:00:00,24,Mobile App
648,2023-08-11 00:00:00,28,Website
649,2023-07-01 00:00:00,26,Website
650,2023-08-30 00:00:00,38,Online Banking
651,2023-05-17 00:00:00,26,Online Banking
652,2023-05-18 00:00:00,40,Website
653,2023-03-30 00:00:00,1,Mobile App
654,2023-02-19 00:00:00,19,Mobile App
655,2023-01-31 00:00:00,26,Mobile App
656,2023-07-10 00:00:00,35,Mobile App
657,2023-12-07 00:00:00,16,Online Banking
658,2023-06-25 00:00:00,13,Mobile App
659,2023-09-25 00:00:00,10,Website
660,2023-08-13 00:00:00,8,Mobile App
661,2023-10-12 00:00:00,27,Mobile App
662,2023-09-01 00:00:00,26,Mobile App
663,2023-04-12 00:00:00,3,Mobile App
664,2023-08-24 00:00:00,45,Online Banking
665,2023-06-15 00:00:00,36,Online Banking
666,2023-10-22 00:00:00,41,Online Banking
667,2023-10-19 00:00:00,8,Online Banking
668,2023-06-03 00:00:00,32,Website
669,2023-11-06 00:00:00,19,Website
670,2023-04-02 00:00:00,12,Online Banking
671,2023-02-28 00:00:00,45,Online Banking
672,2023-04-01 00:00:00,45,Mobile App
673,2023-07-02 00:00:00,13,Mobile App
674,2023-01-23 00:00:00,44,Online Banking
675,2023-06-07 00:00:00,48,Online Banking
676,2023-11-16 00:00:00,45,Mobile App
677,2023-07-05 00:00:00,7,Website
678,2023-04-22 00:00:00,47,Online Banking
679,2023-08-31 00:00:00,47,Website
680,2023-12-24 00:00:00,16,Website
681,2023-06-22 00:00:00,32,Mobile App
682,2023-09-14 00:00:00,9,Mobile App
683,2023-08-19 00:00:00,26,Online Banking
684,2023-07-24 00:00:00,48,Mobile App
685,2023-07-27 00:00:00,40,Website
686,2023-07-29 00:00:00,47,Website
687,2023-11-24 00:00:00,20,Online Banking
688,2023-10-05 00:00:00,6,Website
689,2023-01-24 00:00:00,11,Mobile App
690,2023-12-22 00:00:00,29,Online Banking
691,2023-01-11 00:00:00,7,Mobile App
692,2023-06-24 00:00:00,29,Website
693,2023-10-01 00:00:00,43,Mobile App
694,2023-01-12 00:00:00,4,Online Banking
695,2023-02-09 00:00:00,24,Mobile App
696,2023-02-10 00:00:00,3,Website
697,2023-07-11 00:00:00,12,Online Banking
698,2023-07-03 00:00:00,35,Website
699,2023-02-14 00:00:00,8,Mobile App
700,2023-12-18 00:00:00,38,Online Banking
701,2023-01-18 00:00:00,41,Online Banking
702,2023-12-31 00:00:00,38,Mobile App
703,2023-09-16 00:00:00,15,Mobile App
704,2023-11-03 00:00:00,5,Website
705,2023-05-16 00:00:00,40,Website
706,2023-03-27 00:00:00,16,Online Banking
707,2023-01-02 00:00:00,46,Online Banking
708,2023-09-29 00:00:00,28,Website
709,2023-07-21 00:00:00,13,Mobile App
710,2023-04-29 00:00:00,41,Website
711,2023-02-26 00:00:00,11,Website
712,2023-11-30 00:00:00,37,Mobile App
713,2023-03-12 00:00:00,3,Website
714,2023-09-08 00:00:00,8,Mobile App
715,2023-06-02 00:00:00,38,Online Banking
716,2023-01-11 00:00:00,47,Mobile App
717,2023-05-03 00:00:00,34,Website
718,2023-07-12 00:00:00,38,Mobile App
719,2023-12-16 00:00:00,42,Online Banking
720,2023-01-30 00:00:00,24,Website
721,2023-04-28 00:00:00,18,Website
722,2023-04-03 00:00:00,25,Website
723,2023-06-02 00:00:00,13,Website
724,2023-10-24 00:00:00,39,Website
725,2023-10-14 00:00:00,22,Mobile App
726,2023-08-29 00:00:00,30,Online Banking
727,2023-08-13 00:00:00,30,Mobile App
728,2023-05-05 00:00:00,37,Website
729,2023-02-09 00:00:00,45,Mobile App
730,2023-12-20 00:00:00,43,Website
731,2023-12-20 00:00:00,15,Online Banking
732,2023-12-16 00:00:00,35,Mobile App
733,2023-01-15 00:00:00,6,Online Banking
734,2023-09-04 00:00:00,11,Mobile App
735,2023-10-05 00:00:00,28,Website
736,2023-03-03 00:00:00,30,Website
737,2023-05-13 00:00:00,16,Mobile App
738,2023-05-25 00:00:00,28,Mobile App
739,2023-10-07 00:00:00,25,Online Banking
740,2023-05-27 00:00:00,48,Online Banking
741,2023-06-22 00:00:00,30,Website
742,2023-03-30 00:00:00,45,Online Banking
743,2023-07-28 00:00:00,14,Online Banking
744,2023-06-09 00:00:00,27,Website
745,2023-06-10 00:00:00,48,Website
746,2023-12-18 00:00:00,30,Mobile App
747,2023-12-02 00:00:00,10,Online Banking
748,2023-02-06 00:00:00,20,Mobile App
749,2023-02-26 00:00:00,44,Online Banking
750,2023-08-21 00:00:00,7,Website
751,2023-08-24 00:00:00,34,Website
752,2023-12-07 00:00:00,27,Website
753,2023-06-26 00:00:00,23,Online Banking
754,2023-11-04 00:00:00,46,Website
755,2023-02-19 00:00:00,45,Website
756,2023-08-09 00:00:00,25,Mobile App
757,2023-09-06 00:00:00,28,Mobile App
758,2023-08-07 00:00:00,18,Online Banking
759,2023-03-12 00:00:00,13,Website
760,2023-01-30 00:00:00,13,Online Banking
761,2023-01-07 00:00:00,45,Online Banking
762,2023-11-06 00:00:00,34,Mobile App
763,2023-04-28 00:00:00,14,Mobile App
764,2023-02-15 00:00:00,28,Mobile App
765,2023-12-07 00:00:00,13,Online Banking
766,2023-07-09 00:00:00,34,Website
767,2023-08-10 00:00:00,5,Mobile App
768,2023-08-22 00:00:00,40,Mobile App
769,2023-05-26 00:00:00,10,Mobile App
770,2023-01-30 00:00:00,36,Website
771,2023-04-13 00:00:00,6,Online Banking
772,2023-04-30 00:00:00,21,Online Banking
773,2023-07-07 00:00:00,35,Website
774,2023-11-24 00:00:00,16,Online Banking
775,2023-08-01 00:00:00,20,Website
776,2023-08-06 00:00:00,31,Mobile App
777,2023-09-22 00:00:00,5,Website
778,2023-07-24 00:00:00,6,Online Banking
779,2023-07-17 00:00:00,2,Mobile App
780,2023-10-19 00:00:00,39,Mobile App
781,2023-01-28 00:00:00,22,Mobile App
782,2023-09-07 00:00:00,11,Mobile App
783,2023-08-10 00:00:00,15,Website
784,2023-08-09 00:00:00,13,Online Banking
785,2023-10-08 00:00:00,33,Online Banking
786,2023-09-10 00:00:00,46,Mobile App
787,2023-05-10 00:00:00,14,Website
788,2023-08-20 00:00:00,39,Online Banking
789,2023-09-20 00:00:00,2,Website
790,2023-04-28 00:00:00,10,Website
791,2023-12-21 00:00:00,42,Website
792,2023-08-06 00:00:00,30,Online Banking
793,2023-10-14 00:00:00,32,Website
794,2023-05-23 00:00:00,9,Website
795,2023-12-31 00:00:00,48,Online Banking
796,2023-02-09 00:00:00,16,Website
797,2023-12-29 00:00:00,39,Website
798,2023-05-27 00:00:00,5,Mobile App
799,2023-01-03 00:00:00,46,Mobile App
800,2023-05-28 00:00:00,15,Online Banking
801,2023-09-05 00:00:00,4,Website
802,2023-09-07 00:00:00,24,Mobile App
803,2023-11-14 00:00:00,25,Website
804,2023-12-19 00:00:00,37,Website
805,2023-01-17 00:00:00,24,Website
806,2023-08-20 00:00:00,42,Online Banking
807,2023-02-28 00:00:00,13,Mobile App
808,2023-08-18 00:00:00,20,Online Banking
809,2023-02-10 00:00:00,5,Mobile App
810,2023-02-17 00:00:00,20,Online Banking
811,2023-04-08 00:00:00,18,Online Banking
812,2023-03-09 00:00:00,39,Mobile App
813,2023-12-08 00:00:00,49,Website
814,2023-05-22 00:00:00,3,Online Banking
815,2023-08-21 00:00:00,44,Online Banking
816,2023-10-20 00:00:00,31,Online Banking
817,2023-12-17 00:00:00,30,Website
818,2023-03-23 00:00:00,41,Online Banking
819,2023-05-06 00:00:00,24,Website
820,2023-09-08 00:00:00,5,Online Banking
821,2023-06-19 00:00:00,20,Mobile App
822,2023-01-29 00:00:00,24,Mobile App
823,2023-12-31 00:00:00,17,Online Banking
824,2023-02-04 00:00:00,8,Online Banking
825,2023-11-11 00:00:00,21,Website
826,2023-07-18 00:00:00,14,Mobile App
827,2023-10-09 00:00:00,38,Online Banking
828,2023-10-12 00:00:00,32,Online Banking
829,2023-06-13 00:00:00,36,Online Banking
830,2023-07-17 00:00:00,40,Website
831,2023-09-03 00:00:00,4,Mobile App
832,2023-08-22 00:00:00,21,Website
833,2023-09-14 00:00:00,25,Mobile App
834,2023-11-21 00:00:00,45,Mobile App
835,2023-07-21 00:00:00,1,Mobile App
836,2023-06-06 00:00:00,47,Mobile App
837,2023-08-26 00:00:00,13,Website
838,2023-01-03 00:00:00,16,Online Banking
839,2023-06-28 00:00:00,29,Mobile App
840,2023-06-24 00:00:00,39,Mobile App
841,2023-08-04 00:00:00,29,Website
842,2023-03-29 00:00:00,12,Mobile App
843,2023-02-07 00:00:00,31,Website
844,2023-10-31 00:00:00,20,Mobile App
845,2023-02-18 00:00:00,35,Online Banking
846,2023-09-19 00:00:00,41,Mobile App
847,2023-11-22 00:00:00,28,Online Banking
848,2023-01-03 00:00:00,35,Mobile App
849,2023-01-20 00:00:00,29,Website
850,2023-08-20 00:00:00,44,Mobile App
851,2023-01-29 00:00:00,39,Online Banking
852,2023-09-23 00:00:00,29,Mobile App
853,2023-12-01 00:00:00,34,Website
854,2023-07-12 00:00:00,10,Mobile App
855,2023-09-25 00:00:00,37,Online Banking
856,2023-05-18 00:00:00,48,Website
857,2023-07-10 00:00:00,7,Mobile App
858,2023-08-08 00:00:00,9,Website
859,2023-07-24 00:00:00,16,Website
860,2023-05-27 00:00:00,21,Mobile App
861,2023-05-16 00:00:00,14,Website
862,2023-03-07 00:00:00,2,Online Banking
863,2023-10-14 00:00:00,26,Online Banking
864,2023-03-20 00:00:00,34,Website
865,2023-06-10 00:00:00,47,Mobile App
866,2023-12-26 00:00:00,49,Website
867,2023-12-20 00:00:00,18,Website
868,2023-07-22 00:00:00,12,Website
869,2023-12-15 00:00:00,19,Online Banking
870,2023-01-18 00:00:00,36,Website
871,2023-09-16 00:00:00,38,Online Banking
872,2023-04-30 00:00:00,16,Website
873,2023-10-20 00:00:00,46,Website
874,2023-12-29 00:00:00,8,Mobile App
875,2023-12-02 00:00:00,9,Website
876,2023-09-20 00:00:00,4,Online Banking
877,2023-05-31 00:00:00,36,Website
878,2023-08-05 00:00:00,47,Website
879,2023-07-11 00:00:00,38,Online Banking
880,2023-11-10 00:00:00,49,Online Banking
881,2023-04-01 00:00:00,49,Website
882,2023-09-10 00:00:00,45,Website
883,2023-10-15 00:00:00,4,Website
884,2023-10-05 00:00:00,8,Online Banking
885,2023-01-09 00:00:00,43,Mobile App
886,2023-08-21 00:00:00,7,Mobile App
887,2023-03-11 00:00:00,3,Website
888,2023-09-04 00:00:00,1,Online Banking
889,2023-01-26 00:00:00,4,Mobile App
890,2023-03-01 00:00:00,1,Mobile App
891,2023-03-15 00:00:00,46,Website
892,2023-01-16 00:00:00,42,Mobile App
893,2023-10-14 00:00:00,38,Mobile App
894,2023-08-21 00:00:00,37,Mobile App
895,2023-09-26 00:00:00,12,Mobile App
896,2023-11-22 00:00:00,42,Online Banking
897,2023-08-21 00:00:00,10,Mobile App
898,2023-01-09 00:00:00,47,Online Banking
899,2023-12-16 00:00:00,1,Website
900,2023-03-23 00:00:00,2,Online Banking
901,2023-01-14 00:00:00,12,Website
902,2023-09-17 00:00:00,39,Online Banking
903,2023-06-22 00:00:00,48,Mobile App
904,2023-11-24 00:00:00,36,Mobile App
905,2023-11-27 00:00:00,7,Online Banking
906,2023-04-03 00:00:00,38,Website
907,2023-06-07 00:00:00,25,Website
908,2023-12-06 00:00:00,3,Website
909,2023-02-02 00:00:00,27,Online Banking
910,2023-08-16 00:00:00,24,Online Banking
911,2023-02-27 00:00:00,27,Mobile App
912,2023-07-30 00:00:00,6,Mobile App
913,2023-09-17 00:00:00,25,Mobile App
914,2023-07-31 00:00:00,43,Website
915,2023-06-22 00:00:00,31,Online Banking
916,2023-08-31 00:00:00,44,Mobile App
917,2023-05-10 00:00:00,9,Mobile App
918,2023-10-11 00:00:00,39,Mobile App
919,2023-12-14 00:00:00,29,Website
920,2023-10-08 00:00:00,14,Mobile App
921,2023-11-05 00:00:00,36,Online Banking
922,2023-08-10 00:00:00,29,Website
923,2023-02-10 00:00:00,43,Website
924,2023-03-25 00:00:00,41,Website
925,2023-01-20 00:00:00,38,Mobile App
926,2023-05-03 00:00:00,22,Online Banking
927,2023-06-06 00:00:00,12,Mobile App
928,2023-05-21 00:00:00,40,Website
929,2023-02-16 00:00:00,49,Online Banking
930,2023-08-10 00:00:00,26,Website
931,2023-03-10 00:00:00,46,Mobile App
932,2023-06-05 00:00:00,28,Online Banking
933,2023-04-29 00:00:00,21,Website
934,2023-11-14 00:00:00,27,Mobile App
935,2023-10-28 00:00:00,33,Website
936,2023-07-28 00:00:00,29,Mobile App
937,2023-03-30 00:00:00,24,Mobile App
938,2023-06-19 00:00:00,32,Website
939,2023-11-22 00:00:00,6,Website
940,2023-04-04 00:00:00,27,Mobile App
941,2023-09-22 00:00:00,16,Website
942,2023-06-13 00:00:00,36,Online Banking
943,2023-03-19 00:00:00,47,Website
944,2023-06-04 00:00:00,30,Website
945,2023-07-20 00:00:00,15,Website
946,2023-11-13 00:00:00,8,Mobile App
947,2023-05-06 00:00:00,31,Website
948,2023-02-12 00:00:00,9,Mobile App
949,2023-06-12 00:00:00,42,Online Banking
950,2023-04-22 00:00:00,21,Online Banking
951,2023-11-08 00:00:00,39,Online Banking
952,2023-03-20 00:00:00,39,Website
953,2023-10-21 00:00:00,43,Website
954,2023-07-20 00:00:00,20,Online Banking
955,2023-12-08 00:00:00,26,Website
956,2023-10-20 00:00:00,38,Online Banking
957,2023-06-01 00:00:00,43,Mobile App
958,2023-05-21 00:00:00,14,Online Banking
959,2023-11-17 00:00:00,48,Online Banking
960,2023-02-10 00:00:00,41,Online Banking
961,2023-05-01 00:00:00,21,Mobile App
962,2023-04-04 00:00:00,19,Online Banking
963,2023-09-17 00:00:00,14,Online Banking
964,2023-03-13 00:00:00,9,Online Banking
965,2023-07-11 00:00:00,42,Mobile App
966,2023-05-16 00:00:00,4,Mobile App
967,2023-04-28 00:00:00,23,Online Banking
968,2023-01-17 00:00:00,22,Online Banking
969,2023-04-25 00:00:00,20,Online Banking
970,2023-03-22 00:00:00,19,Website
971,2023-10-17 00:00:00,19,Mobile App
972,2023-10-26 00:00:00,23,Mobile App
973,2023-10-18 00:00:00,31,Website
974,2023-09-12 00:00:00,46,Mobile App
975,2023-09-14 00:00:00,19,Mobile App
976,2023-02-17 00:00:00,44,Online Banking
977,2023-02-08 00:00:00,20,Online Banking
978,2023-09-14 00:00:00,26,Mobile App
979,2023-05-18 00:00:00,6,Website
980,2023-05-04 00:00:00,28,Online Banking
981,2023-09-23 00:00:00,41,Website
982,2023-06-20 00:00:00,4,Mobile App
983,2023-05-09 00:00:00,49,Mobile App
984,2023-05-01 00:00:00,44,Website
985,2023-03-04 00:00:00,9,Website
986,2023-11-08 00:00:00,49,Online Banking
987,2023-06-08 00:00:00,14,Mobile App
988,2023-02-14 00:00:00,31,Website
989,2023-07-26 00:00:00,29,Website
990,2023-06-07 00:00:00,49,Mobile App
991,2023-09-17 00:00:00,22,Website
992,2023-03-26 00:00:00,9,Website
993,2023-12-27 00:00:00,11,Website
994,2023-07-23 00:00:00,25,Mobile App
995,2023-07-31 00:00:00,34,Website
996,2023-01-29 00:00:00,38,Mobile App
997,2023-04-01 00:00:00,5,Mobile App
998,2023-07-10 00:00:00,47,Website
999,2023-01-08 00:00:00,23,Website
1000,2023-08-13 00:00:00,22,Mobile App
